{
  "materials": [
    {
      "name": "Vacuum",
      "group": "Void",
      "rho": 0,
      "phi_intr": 1,
      "eps_real_expr": "1",
      "eps_imag_expr": "0",
      "sigma_expr": "0",
      "kappa": 0,
      "Cp": 0,
      "Kdry": 0,
      "Gdry": 0,
      "cohesion": 0,
      "phi_fric": 0,
      "volatile_flag": 0,
      "volatile_type": null,
      "volatile_fraction": 0,
      "sublimation_temp_K": 0,
      "sublimation_depth_m": 0
    },
    {
      "name": "Olivine (Mg-rich)",
      "group": "Silicate",
      "rho": 3300,
      "phi_intr": 0.02,
      "eps_real_expr": "7 - 0.1*log(f)",
      "eps_imag_expr": "1e-3*(f/1e6)^1",
      "sigma_expr": "1e-4*(f/1e6)^1",
      "kappa": 3,
      "Cp": 800,
      "Kdry": 1.1E+11,
      "Gdry": 6.5E+10,
      "cohesion": 1000000,
      "phi_fric": 35,
      "volatile_flag": 0,
      "volatile_type": null,
      "volatile_fraction": 0,
      "sublimation_temp_K": 0,
      "sublimation_depth_m": 0
    },
    {
      "name": "Orthopyroxene",
      "group": "Silicate",
      "rho": 3300,
      "phi_intr": 0.02,
      "eps_real_expr": "6.5 - 0.1*log(f)",
      "eps_imag_expr": "1e-3*(f/1e6)^1",
      "sigma_expr": "1e-4*(f/1e6)^1",
      "kappa": 3,
      "Cp": 800,
      "Kdry": 1E+11,
      "Gdry": 6E+10,
      "cohesion": 1000000,
      "phi_fric": 35,
      "volatile_flag": 0,
      "volatile_type": null,
      "volatile_fraction": 0,
      "sublimation_temp_K": 0,
      "sublimation_depth_m": 0
    },
    {
      "name": "Clinopyroxene",
      "group": "Silicate",
      "rho": 3400,
      "phi_intr": 0.02,
      "eps_real_expr": "6.5 - 0.1*log(f)",
      "eps_imag_expr": "1e-3*(f/1e6)^1",
      "sigma_expr": "1e-4*(f/1e6)^1",
      "kappa": 3,
      "Cp": 800,
      "Kdry": 1E+11,
      "Gdry": 6E+10,
      "cohesion": 1000000,
      "phi_fric": 35,
      "volatile_flag": 0,
      "volatile_type": null,
      "volatile_fraction": 0,
      "sublimation_temp_K": 0,
      "sublimation_depth_m": 0
    },
    {
      "name": "Plagioclase feldspar",
      "group": "Silicate",
      "rho": 2700,
      "phi_intr": 0.02,
      "eps_real_expr": "5.5 - 0.1*log(f)",
      "eps_imag_expr": "5e-4*(f/1e6)^1",
      "sigma_expr": "5e-5*(f/1e6)^1",
      "kappa": 2,
      "Cp": 800,
      "Kdry": 7E+10,
      "Gdry": 3E+10,
      "cohesion": 800000,
      "phi_fric": 32,
      "volatile_flag": 0,
      "volatile_type": null,
      "volatile_fraction": 0,
      "sublimation_temp_K": 0,
      "sublimation_depth_m": 0
    },
    {
      "name": "Serpentine",
      "group": "Phyllosilicate",
      "rho": 2600,
      "phi_intr": 0.05,
      "eps_real_expr": "15 - 0.2*log(f)",
      "eps_imag_expr": "5e-3*(f/1e6)^1",
      "sigma_expr": "5e-4*(f/1e6)^1",
      "kappa": 2.5,
      "Cp": 900,
      "Kdry": 6E+10,
      "Gdry": 2.5E+10,
      "cohesion": 600000,
      "phi_fric": 30,
      "volatile_flag": 0,
      "volatile_type": null,
      "volatile_fraction": 0,
      "sublimation_temp_K": 0,
      "sublimation_depth_m": 0
    },
    {
      "name": "Saponite",
      "group": "Phyllosilicate",
      "rho": 2500,
      "phi_intr": 0.07,
      "eps_real_expr": "20 - 0.25*log(f)",
      "eps_imag_expr": "1e-2*(f/1e6)^1",
      "sigma_expr": "1e-3*(f/1e6)^1",
      "kappa": 2,
      "Cp": 900,
      "Kdry": 5E+10,
      "Gdry": 2E+10,
      "cohesion": 500000,
      "phi_fric": 28,
      "volatile_flag": 0,
      "volatile_type": null,
      "volatile_fraction": 0,
      "sublimation_temp_K": 0,
      "sublimation_depth_m": 0
    },
    {
      "name": "Magnetite",
      "group": "Oxide",
      "rho": 5150,
      "phi_intr": 0.02,
      "eps_real_expr": "12 - 0.2*log(f)",
      "eps_imag_expr": "1e-2*(f/1e6)^1",
      "sigma_expr": "1e-3*(f/1e6)^1",
      "kappa": 5,
      "Cp": 600,
      "Kdry": 1.2E+11,
      "Gdry": 7E+10,
      "cohesion": 1500000,
      "phi_fric": 35,
      "volatile_flag": 0,
      "volatile_type": null,
      "volatile_fraction": 0,
      "sublimation_temp_K": 0,
      "sublimation_depth_m": 0
    },
    {
      "name": "Fe\u2013Ni metal",
      "group": "Metal",
      "rho": 7800,
      "phi_intr": 0,
      "eps_real_expr": "1",
      "eps_imag_expr": "0",
      "sigma_expr": "1e6",
      "kappa": 40,
      "Cp": 450,
      "Kdry": 1.5E+11,
      "Gdry": 8E+10,
      "cohesion": 2000000,
      "phi_fric": 40,
      "volatile_flag": 0,
      "volatile_type": null,
      "volatile_fraction": 0,
      "sublimation_temp_K": 0,
      "sublimation_depth_m": 0
    },
    {
      "name": "Troilite (FeS)",
      "group": "Sulphide",
      "rho": 4700,
      "phi_intr": 0.02,
      "eps_real_expr": "10 - 0.2*log(f)",
      "eps_imag_expr": "5e-3*(f/1e6)^1",
      "sigma_expr": "1e-3*(f/1e6)^1",
      "kappa": 4,
      "Cp": 600,
      "Kdry": 9E+10,
      "Gdry": 4E+10,
      "cohesion": 1000000,
      "phi_fric": 32,
      "volatile_flag": 0,
      "volatile_type": null,
      "volatile_fraction": 0,
      "sublimation_temp_K": 0,
      "sublimation_depth_m": 0
    },
    {
      "name": "Water ice (H2O)",
      "group": "Ice",
      "rho": 920,
      "phi_intr": 0.02,
      "eps_real_expr": "3.2 - 0.1*log(f)",
      "eps_imag_expr": "1e-3*(f/1e6)^1",
      "sigma_expr": "1e-6*(f/1e6)^1",
      "kappa": 2.5,
      "Cp": 2000,
      "Kdry": 9E+09,
      "Gdry": 3E+09,
      "cohesion": 200000,
      "phi_fric": 25,
      "volatile_flag": 1,
      "volatile_type": "H2O",
      "volatile_fraction": 1,
      "sublimation_temp_K": 150,
      "sublimation_depth_m": 5.3
    },
    {
      "name": "Carbon dioxide ice (CO2)",
      "group": "Ice",
      "rho": 1600,
      "phi_intr": 0.02,
      "eps_real_expr": "2.5 - 0.1*log(f)",
      "eps_imag_expr": "1e-3*(f/1e6)^1",
      "sigma_expr": "1e-6*(f/1e6)^1",
      "kappa": 0.5,
      "Cp": 1500,
      "Kdry": 7E+09,
      "Gdry": 2E+09,
      "cohesion": 150000,
      "phi_fric": 22,
      "volatile_flag": 1,
      "volatile_type": "CO2",
      "volatile_fraction": 1,
      "sublimation_temp_K": 90,
      "sublimation_depth_m": 3
    },
    {
      "name": "Tholin-like organics",
      "group": "Organic",
      "rho": 1400,
      "phi_intr": 0.1,
      "eps_real_expr": "4 - 0.15*log(f)",
      "eps_imag_expr": "2e-3*(f/1e6)^1",
      "sigma_expr": "5e-4*(f/1e6)^1",
      "kappa": 0.2,
      "Cp": 1000,
      "Kdry": 2E+10,
      "Gdry": 7E+09,
      "cohesion": 100000,
      "phi_fric": 20,
      "volatile_flag": 0,
      "volatile_type": null,
      "volatile_fraction": 0,
      "sublimation_temp_K": 0,
      "sublimation_depth_m": 0
    }
  ]
}